{"title":"Tarea III: Lista de Ejercicios 3","markdown":{"yaml":{"title":"Tarea III: Lista de Ejercicios 3","subtitle":"Introducción a R - Programación II","author":["Nuria Saraí Torres Aldana","David Alejandro Del Cid De León","Diego Andrés Menendez Barillas"],"date":"today","format":{"html":{"toc":true,"code-fold":true,"toc-depth":3,"theme":"cosmo","smooth-scroll":true}}},"headingText":"Configuración Inicial","containsRefs":false,"markdown":"\n\n**Institución:** Programa de Estudios Superiores, Banco de Guatemala, 2025\n\n---\n\n\nEste primer bloque de código prepara el entorno de R para el análisis.\n\n```{r setup}\n# NOTA: En Quarto, se recomienda usar rutas relativas o el paquete 'here' \n# en lugar de setwd() para mejorar la reproducibilidad.\n# Sin embargo, se mantiene el código original según las instrucciones.\n# setwd(\"C:/Users/diego/OneDrive/PES/10 Programacion II/PROGRA2/PS3/\")\n\nrm(list = ls()) # Limpiar el entorno de R\ngraphics.off()  # Cerrar gráficos abiertos\nset.seed(123)   # Fijar semilla para reproducibilidad\n```\n\n## PARTE 1: ESTIMACIÓN DE UN AR(1) POR MÁXIMA VEROSIMILITUD\n\n### 1.1) INCISO 1: FUNCIÓN DE LOG-VEROSIMILITUD\n\nSe define la función `log_verosimilitud_AR1` para calcular el logaritmo de la verosimilitud de un proceso AR(1).\n\n```{r define-log-likelihood}\n# Cargamos la librería necesaria\nlibrary(ggplot2)\n\n#Creación de la función de log-verosimilitud de un AR(1)\nlog_verosimilitud_AR1 <- function(theta, y) {\n  #Definimos los parámetros de theta\n  mu <- theta[1]\n  rho <- theta[2]\n  sigma2 <- theta[3]\n\n  if(sigma2 <= 0 || abs(rho) >= 1) return(-Inf) # Verificamos que sigma2 > 0 y |rho| < 1\n  \n  # Obtenemos el tamaño de la muestra\n  T <- length(y)\n  \n  # Extraemos la primera observación y el resto de la serie de tiempo\n  y1 <- y[1]\n  y_t <- y[2:T]\n  y_t_1 <- y[1:(T-1)]\n  \n  # Calculamos cada parte de la fórmula de log-verosimilitud \n  # Parte 1: Contribución de la primera observación (y1)\n  # Corresponde a los términos: -0.5*log(2*pi) - 0.5*log(sigma2/(1-rho^2)) - ...\n  logL_y1 <- -0.5 * log(2 * pi) - 0.5 * log(sigma2 / (1 - rho^2)) - \n           ((y1 - (mu / (1 - rho)))^2) / (2 * sigma2 / (1 - rho^2))\n  \n  # Parte 2: Contribución del resto de las observaciones (de y2 a yT)\n  # Corresponde a los términos: -((T-1)/2)*log(2*pi) - ((T-1)/2)*log(sigma2) - sum(...)/2*sigma2\n  # Calculamos los residuos (errores) de las predicciones del modelo\n  residuos <- y_t - mu - rho * y_t_1\n  logL_resto <- -((T - 1) / 2) * log(2 * pi) - ((T - 1) / 2) * log(sigma2) - \n               sum(residuos^2) / (2 * sigma2)\n               \n  # Sumamos ambas partes para obtener la log-verosimilitud total\n  logL_total <- logL_y1 + logL_resto\n  \n  return(logL_total)\n}\n```\n\n### 1.2) INCISO 2: SIMULACIÓN DE DATOS\n\nSe simula una serie de tiempo AR(1) con parámetros poblacionales conocidos.\n\n```{r simulate-data}\n#| echo: true\n# Parámetros verdaderos (poblacionales)\nmu_inicial <- 1.0\nrho_inicial <- 0.4\nsigma2_inicial <- 0.5\nT <- 100\n\n# Creación de un vector vacío para guardar nuestros datos simulados\ny_simulado <- numeric(T)\nepsilon_t <- is.numeric(T)\n\n# Generamos el valor inicial y1 a partir de su distribución teórica\n# y1 ~ N( mu/(1-rho), sigma2/(1-rho^2) )\ny_simulado[1] <- rnorm(1, mean = mu_inicial / (1 - rho_inicial), \n                           sd = sqrt(sigma2_inicial / (1 - rho_inicial^2)))\nepsilon_t[1] <- 0  # No hay error para t=1 ya que es dado\n\n# Generamos el resto de los valores (y2 hasta yT) usando un ciclo\n# yt = mu + rho*y_{t-1} + epsilon_t \nfor (t in 2:T) {  \n  # epsilon_t es una variable aleatoria de distribución normal\n  epsilon_t[t] <- rnorm(1, mean = 0, sd = sqrt(sigma2_inicial))\n  \n  # Calculamos el valor de yt=mu + rho*yt-1 + epsilon_t\n  y_simulado[t] <- mu_inicial + rho_inicial * y_simulado[t - 1] + epsilon_t[t]\n}\n```\n\n# Mostramos los valores simulados vector de epsilon\n```{r EPSILON}\n#Generación del vector Et\nepsilon_t\n```\n# Mostramos los valores simulados vector de yt\n```{r y_simulado}\n#Generación del vector Yt (incluye y1)\ny_simulado\n```\n\n### 1.3) INCISO 3: ESTIMACIÓN DE PARÁMETROS POR MÁXIMA VEROSIMILITUD\n\nSe utiliza la función `optim()` para encontrar los parámetros que maximizan la función de log-verosimilitud para los datos simulados.\n\n```{r estimate-parameters}\n# Valores iniciales para el optimizador, como se indica en el PDF\nvalores_theta <- c(0.5, 0.5, 0.5)\n\n# Usamos optim() para encontrar los parámetros que maximizan la log-verosimilitud\n# 'par' son los valores iniciales\n# 'fn' es la función a optimizar\n# 'y' son los datos \nmle_resultado <- optim(par = valores_theta,          # Valores iniciales\n                       fn = log_verosimilitud_AR1,  # Función de log-verosimilitud \n                       y = y_simulado,              # Datos simulados\n                       method = \"L-BFGS-B\",           # Método de optimización con restricciones\n                       lower = c(-Inf, -0.99, 1e-6), # Restricciones para rho y sigma2\n                       upper = c(Inf, 0.99, Inf),   # Restricciones para rho\n                       control = list(fnscale = -1)   # Para maximizar la función\n)\n\n# Accedemos a los parámetros estimados están en $par (mu_hat, rho_hat, sigma2_hat)\ntheta_estimado <- mle_resultado$par\n\n# Imprimimos los resultados para comparar con los parámetros verdaderos\ncat(\"Parámetros Verdaderos:\\n\")\ncat(\"mu =\", mu_inicial, \", rho =\", rho_inicial, \", sigma2 =\", sigma2_inicial, \"\\n\\n\")\n\ncat(\"Parámetros Estimados (MLE):\\n\")\ncat(\"mu_estimado =\", theta_estimado[1], \"\\n\")\ncat(\"rho_estimado =\", theta_estimado[2], \"\\n\")\ncat(\"sigma2_estimado =\", theta_estimado[3], \"\\n\")\n```\n\n### 1.4) INCISO 4: REPETICIÓN DE LA SIMULACIÓN Y ANÁLISIS DE RESULTADOS\n\nSe realiza un experimento de Monte Carlo para analizar las propiedades de los estimadores.\n\n```{r monte-carlo}\n#Generamos la función para simular AR(1)\nsimular_AR1 <- function(T, mu, rho, sigma2) {\n  y <- numeric(T)\n  epsilon_t <- numeric(T)\n  y[1] <- rnorm(1, mean = mu / (1 - rho), sd = sqrt(sigma2 / (1 - rho^2)))\n  for (t in 2:T) {\n    epsilon_t <- rnorm(T, mean = 0, sd = sqrt(sigma2))\n    y[t] <- mu + rho * y[t - 1] + epsilon_t[t]\n  }\n  return(y)\n}\n\n# Número de repeticiones para el experimento de Monte Carlo.\nR <- 1000\n\n# Creación de vectores numéricos vacíos para almacenar las estimaciones de cada parámetro por simulación.\nmu_hat_vec     <- numeric(R)\nrho_hat_vec    <- numeric(R)\nsigma2_hat_vec <- numeric(R)\n\n# Define los valores iniciales (el \"punto de partida\") que usará el optimizador.\nvalores_theta <- c(0.5, 0.5, 0.5)\n\n# Inicia el bucle que se ejecutará desde r=1 hasta R.\nfor (r in 1:R) {\n  \n  # Simulación de Datos:\n  # En cada iteración, se genera una NUEVA serie de tiempo AR(1) de tamaño T.\n  y_r <- simular_AR1(T, mu_inicial, rho_inicial, sigma2_inicial)\n\n  # Estimación por Máxima Verosimilitud (MLE):\n  # Se utiliza la función optim() para encontrar los parámetros que maximizan la log-verosimilitud.\n  theta_r <- optim(\n    par     = valores_theta,           # Punto de partida para la búsqueda\n    fn      = log_verosimilitud_AR1,   # La función a maximizar\n    y       = y_r,                     # Los datos simulados en esta iteración\n    method  = \"L-BFGS-B\",\n    lower   = c(-Inf, -0.99, 1e-6),\n    upper   = c( Inf,  0.99, Inf),\n    control = list(fnscale = -1)\n  )\n\n  # Almacenamiento de Resultados:\n  # Extrae el vector de parámetros estimados ('$par') y los guarda en la posición 'r' de los vectores de resultados.\n  mu_hat_vec[r]     <- theta_r$par[1]\n  rho_hat_vec[r]    <- theta_r$par[2]\n  sigma2_hat_vec[r] <- theta_r$par[3]\n}\n\n# Cálculo del promedio de las R estimaciones para cada parámetro.\nprom_mu  <- mean(mu_hat_vec)\nprom_rho <- mean(rho_hat_vec)\nprom_s2  <- mean(sigma2_hat_vec)\n\n# Cálculo de la desviación estándar de las R estimaciones.\nsd_mu  <- sd(mu_hat_vec)\nsd_rho <- sd(rho_hat_vec)\nsd_s2  <- sd(sigma2_hat_vec)\n\n# Impresión de resultados\ncat(\"\\n--- Resumen de la Simulación de Monte Carlo ---\\n\")\ncat(\"Promedios de los estimadores (deberían aproximarse a los valores verdaderos):\\n\")\ncat(\"  - E[mu_hat]     ≈\", round(prom_mu, 4), \" (Valor Verdadero =\", mu_inicial, \")\\n\")\ncat(\"  - E[rho_hat]    ≈\", round(prom_rho, 4), \" (Valor Verdadero =\", rho_inicial, \")\\n\")\ncat(\"  - E[sigma2_hat] ≈\", round(prom_s2, 4), \" (Valor Verdadero =\", sigma2_inicial, \")\\n\\n\")\n\ncat(\"Desviaciones estándar de los estimadores (Errores Estándar de Monte Carlo):\\n\")\ncat(\"  - sd(mu_hat)     =\", round(sd_mu, 4), \"\\n\")\ncat(\"  - sd(rho_hat)    =\", round(sd_rho, 4), \"\\n\")\ncat(\"  - sd(sigma2_hat) =\", round(sd_s2, 4), \"\\n\")\n```\n\nA continuación se muestran los histogramas con la distribución de los estimadores.\n\n```{r mc-histograms}\n#| fig-cap: \"Distribución de los Estimadores de Monte Carlo\"\n\nhistogramas <- par(mfrow = c(1, 3))\n\n# Histograma para mu_hat\nhist(mu_hat_vec,\n     breaks = 30,                             # Número de barras.\n     main = expression(hat(mu)),              # Título con formato matemático.\n     xlab = expression(hat(mu)),              # Etiqueta del eje X.\n     col = \"lightblue\")\n# Agrega una línea vertical en el valor verdadero para comparación visual.\nabline(v = mu_inicial, col = \"red\", lwd = 2)\n\n# Histograma para rho_hat\nhist(rho_hat_vec,\n     breaks = 30,\n     main = expression(hat(rho)),\n     xlab = expression(hat(rho)),\n     col = \"lightcoral\")\nabline(v = rho_inicial, col = \"red\", lwd = 2)\n\n# Histograma para sigma2_hat\nhist(sigma2_hat_vec,\n     breaks = 30,\n     main = expression(hat(sigma^2)),\n     xlab = expression(hat(sigma^2)),\n     col = \"lightgreen\")\nabline(v = sigma2_inicial, col = \"red\", lwd = 2)\n\npar(histogramas)\n```\n\n## PARTE 2: ESTIMACIÓN DE UN AR(1)\n\n### 2.1) INCISO 1: FUNCIÓN DE CÁLCULO DE ERRORES ESTÁNDAR DE MÁXIMA VEROSIMILITUD\n\nSe aplica el modelo a datos reales de inflación y se define una función para calcular los errores estándar.\n\n```{r inflation-model-setup}\n#| error: true \n# El siguiente código asume que el archivo \"inflacion.csv\" está en el directorio de trabajo.\n# set.seed(123)  # Fijar semilla para reproducibilidad\n# datos_inflacion <- read.csv(\"inflacion.csv\")\n# \n# # Extraer la columna de inflación como un vector numérico.\n# serie_inflacion <- as.numeric(datos_inflacion$inflacion)\n# Tn <- length(serie_inflacion)\n# # Establecer valores iniciales para los parámetros para el optimizador (mu, rho, sigma^2)\n# valores_iniciales <- c(mean(serie_inflacion), 0.5, var(serie_inflacion)) \n# \n# # Encontrar el estimador de máxima verosimilitud, theta_estimado.\n# mle_fit_inflacion <- optim(\n#   par = valores_iniciales,\n#   fn = log_verosimilitud_AR1,\n#   y = serie_inflacion,\n#   method = \"L-BFGS-B\",           # Método que permite restricciones\n#   lower = c(-Inf, -0.99, 1e-8),    # Cotas inferiores para rho y sigma^2\n#   upper = c(Inf, 0.99, Inf),     # Cotas superiores\n#   control = list(fnscale = -1),  # Maximizar en lugar de minimizar\n#   hessian = TRUE                \n# )\n# \n# theta_estimado <- mle_fit_inflacion$par\n# \n# # DEFINICIÓN DE LA FUNCION QUE CALCULA LOS ERRORES ESTÁNDAR DE MÁXIMA VEROSIMILITUD\n# simular_se <- function(theta, y) {\n#     J1 <- -mle_fit_inflacion$hessian\n#     var_theta_hat <- solve(J1)\n#     se_hat <- sqrt(diag(var_theta_hat))\n#     return(se_hat)\n# }\n```\n\n**Nota:** El código del bloque anterior se ha comentado para evitar errores al renderizar si el archivo `inflacion.csv` no está presente. Para ejecutarlo, descomente las líneas y asegúrese de que el archivo de datos esté en la misma carpeta que este documento `.qmd`.\n\n### 2.2) INCISO 2: UTILIZACIÓN DE LA FUNCIÓN PARA ENCONTRAR EL ESTIMADOR Y ERRORES ESTÁNDAR\n\nSe llama a la función y se presentan los resultados finales en una tabla.\n\n```{r inflation-model-results}\n#| error: true\n# Este bloque también depende del anterior.\n# simular_se(valores_iniciales, serie_inflacion)\n# se_hat <- simular_se(valores_iniciales, serie_inflacion)\n# \n# # Data frame para mostrar los resultados de forma ordenada.\n# tabla_resultados <- data.frame(\n#   Parametro = c(\"mu (μ)\", \"rho (ρ)\", \"sigma^2 (σ²)\"),\n#   Estimacion = theta_estimado,\n#   Error_Estandar = se_hat\n# )\n# cat(\"\\n--- Resultados de la Estimación AR(1) para la Inflación ---\\n\")\n# tabla_resultados\n```\n\n---","srcMarkdownNoYaml":"\n\n**Institución:** Programa de Estudios Superiores, Banco de Guatemala, 2025\n\n---\n\n## Configuración Inicial\n\nEste primer bloque de código prepara el entorno de R para el análisis.\n\n```{r setup}\n# NOTA: En Quarto, se recomienda usar rutas relativas o el paquete 'here' \n# en lugar de setwd() para mejorar la reproducibilidad.\n# Sin embargo, se mantiene el código original según las instrucciones.\n# setwd(\"C:/Users/diego/OneDrive/PES/10 Programacion II/PROGRA2/PS3/\")\n\nrm(list = ls()) # Limpiar el entorno de R\ngraphics.off()  # Cerrar gráficos abiertos\nset.seed(123)   # Fijar semilla para reproducibilidad\n```\n\n## PARTE 1: ESTIMACIÓN DE UN AR(1) POR MÁXIMA VEROSIMILITUD\n\n### 1.1) INCISO 1: FUNCIÓN DE LOG-VEROSIMILITUD\n\nSe define la función `log_verosimilitud_AR1` para calcular el logaritmo de la verosimilitud de un proceso AR(1).\n\n```{r define-log-likelihood}\n# Cargamos la librería necesaria\nlibrary(ggplot2)\n\n#Creación de la función de log-verosimilitud de un AR(1)\nlog_verosimilitud_AR1 <- function(theta, y) {\n  #Definimos los parámetros de theta\n  mu <- theta[1]\n  rho <- theta[2]\n  sigma2 <- theta[3]\n\n  if(sigma2 <= 0 || abs(rho) >= 1) return(-Inf) # Verificamos que sigma2 > 0 y |rho| < 1\n  \n  # Obtenemos el tamaño de la muestra\n  T <- length(y)\n  \n  # Extraemos la primera observación y el resto de la serie de tiempo\n  y1 <- y[1]\n  y_t <- y[2:T]\n  y_t_1 <- y[1:(T-1)]\n  \n  # Calculamos cada parte de la fórmula de log-verosimilitud \n  # Parte 1: Contribución de la primera observación (y1)\n  # Corresponde a los términos: -0.5*log(2*pi) - 0.5*log(sigma2/(1-rho^2)) - ...\n  logL_y1 <- -0.5 * log(2 * pi) - 0.5 * log(sigma2 / (1 - rho^2)) - \n           ((y1 - (mu / (1 - rho)))^2) / (2 * sigma2 / (1 - rho^2))\n  \n  # Parte 2: Contribución del resto de las observaciones (de y2 a yT)\n  # Corresponde a los términos: -((T-1)/2)*log(2*pi) - ((T-1)/2)*log(sigma2) - sum(...)/2*sigma2\n  # Calculamos los residuos (errores) de las predicciones del modelo\n  residuos <- y_t - mu - rho * y_t_1\n  logL_resto <- -((T - 1) / 2) * log(2 * pi) - ((T - 1) / 2) * log(sigma2) - \n               sum(residuos^2) / (2 * sigma2)\n               \n  # Sumamos ambas partes para obtener la log-verosimilitud total\n  logL_total <- logL_y1 + logL_resto\n  \n  return(logL_total)\n}\n```\n\n### 1.2) INCISO 2: SIMULACIÓN DE DATOS\n\nSe simula una serie de tiempo AR(1) con parámetros poblacionales conocidos.\n\n```{r simulate-data}\n#| echo: true\n# Parámetros verdaderos (poblacionales)\nmu_inicial <- 1.0\nrho_inicial <- 0.4\nsigma2_inicial <- 0.5\nT <- 100\n\n# Creación de un vector vacío para guardar nuestros datos simulados\ny_simulado <- numeric(T)\nepsilon_t <- is.numeric(T)\n\n# Generamos el valor inicial y1 a partir de su distribución teórica\n# y1 ~ N( mu/(1-rho), sigma2/(1-rho^2) )\ny_simulado[1] <- rnorm(1, mean = mu_inicial / (1 - rho_inicial), \n                           sd = sqrt(sigma2_inicial / (1 - rho_inicial^2)))\nepsilon_t[1] <- 0  # No hay error para t=1 ya que es dado\n\n# Generamos el resto de los valores (y2 hasta yT) usando un ciclo\n# yt = mu + rho*y_{t-1} + epsilon_t \nfor (t in 2:T) {  \n  # epsilon_t es una variable aleatoria de distribución normal\n  epsilon_t[t] <- rnorm(1, mean = 0, sd = sqrt(sigma2_inicial))\n  \n  # Calculamos el valor de yt=mu + rho*yt-1 + epsilon_t\n  y_simulado[t] <- mu_inicial + rho_inicial * y_simulado[t - 1] + epsilon_t[t]\n}\n```\n\n# Mostramos los valores simulados vector de epsilon\n```{r EPSILON}\n#Generación del vector Et\nepsilon_t\n```\n# Mostramos los valores simulados vector de yt\n```{r y_simulado}\n#Generación del vector Yt (incluye y1)\ny_simulado\n```\n\n### 1.3) INCISO 3: ESTIMACIÓN DE PARÁMETROS POR MÁXIMA VEROSIMILITUD\n\nSe utiliza la función `optim()` para encontrar los parámetros que maximizan la función de log-verosimilitud para los datos simulados.\n\n```{r estimate-parameters}\n# Valores iniciales para el optimizador, como se indica en el PDF\nvalores_theta <- c(0.5, 0.5, 0.5)\n\n# Usamos optim() para encontrar los parámetros que maximizan la log-verosimilitud\n# 'par' son los valores iniciales\n# 'fn' es la función a optimizar\n# 'y' son los datos \nmle_resultado <- optim(par = valores_theta,          # Valores iniciales\n                       fn = log_verosimilitud_AR1,  # Función de log-verosimilitud \n                       y = y_simulado,              # Datos simulados\n                       method = \"L-BFGS-B\",           # Método de optimización con restricciones\n                       lower = c(-Inf, -0.99, 1e-6), # Restricciones para rho y sigma2\n                       upper = c(Inf, 0.99, Inf),   # Restricciones para rho\n                       control = list(fnscale = -1)   # Para maximizar la función\n)\n\n# Accedemos a los parámetros estimados están en $par (mu_hat, rho_hat, sigma2_hat)\ntheta_estimado <- mle_resultado$par\n\n# Imprimimos los resultados para comparar con los parámetros verdaderos\ncat(\"Parámetros Verdaderos:\\n\")\ncat(\"mu =\", mu_inicial, \", rho =\", rho_inicial, \", sigma2 =\", sigma2_inicial, \"\\n\\n\")\n\ncat(\"Parámetros Estimados (MLE):\\n\")\ncat(\"mu_estimado =\", theta_estimado[1], \"\\n\")\ncat(\"rho_estimado =\", theta_estimado[2], \"\\n\")\ncat(\"sigma2_estimado =\", theta_estimado[3], \"\\n\")\n```\n\n### 1.4) INCISO 4: REPETICIÓN DE LA SIMULACIÓN Y ANÁLISIS DE RESULTADOS\n\nSe realiza un experimento de Monte Carlo para analizar las propiedades de los estimadores.\n\n```{r monte-carlo}\n#Generamos la función para simular AR(1)\nsimular_AR1 <- function(T, mu, rho, sigma2) {\n  y <- numeric(T)\n  epsilon_t <- numeric(T)\n  y[1] <- rnorm(1, mean = mu / (1 - rho), sd = sqrt(sigma2 / (1 - rho^2)))\n  for (t in 2:T) {\n    epsilon_t <- rnorm(T, mean = 0, sd = sqrt(sigma2))\n    y[t] <- mu + rho * y[t - 1] + epsilon_t[t]\n  }\n  return(y)\n}\n\n# Número de repeticiones para el experimento de Monte Carlo.\nR <- 1000\n\n# Creación de vectores numéricos vacíos para almacenar las estimaciones de cada parámetro por simulación.\nmu_hat_vec     <- numeric(R)\nrho_hat_vec    <- numeric(R)\nsigma2_hat_vec <- numeric(R)\n\n# Define los valores iniciales (el \"punto de partida\") que usará el optimizador.\nvalores_theta <- c(0.5, 0.5, 0.5)\n\n# Inicia el bucle que se ejecutará desde r=1 hasta R.\nfor (r in 1:R) {\n  \n  # Simulación de Datos:\n  # En cada iteración, se genera una NUEVA serie de tiempo AR(1) de tamaño T.\n  y_r <- simular_AR1(T, mu_inicial, rho_inicial, sigma2_inicial)\n\n  # Estimación por Máxima Verosimilitud (MLE):\n  # Se utiliza la función optim() para encontrar los parámetros que maximizan la log-verosimilitud.\n  theta_r <- optim(\n    par     = valores_theta,           # Punto de partida para la búsqueda\n    fn      = log_verosimilitud_AR1,   # La función a maximizar\n    y       = y_r,                     # Los datos simulados en esta iteración\n    method  = \"L-BFGS-B\",\n    lower   = c(-Inf, -0.99, 1e-6),\n    upper   = c( Inf,  0.99, Inf),\n    control = list(fnscale = -1)\n  )\n\n  # Almacenamiento de Resultados:\n  # Extrae el vector de parámetros estimados ('$par') y los guarda en la posición 'r' de los vectores de resultados.\n  mu_hat_vec[r]     <- theta_r$par[1]\n  rho_hat_vec[r]    <- theta_r$par[2]\n  sigma2_hat_vec[r] <- theta_r$par[3]\n}\n\n# Cálculo del promedio de las R estimaciones para cada parámetro.\nprom_mu  <- mean(mu_hat_vec)\nprom_rho <- mean(rho_hat_vec)\nprom_s2  <- mean(sigma2_hat_vec)\n\n# Cálculo de la desviación estándar de las R estimaciones.\nsd_mu  <- sd(mu_hat_vec)\nsd_rho <- sd(rho_hat_vec)\nsd_s2  <- sd(sigma2_hat_vec)\n\n# Impresión de resultados\ncat(\"\\n--- Resumen de la Simulación de Monte Carlo ---\\n\")\ncat(\"Promedios de los estimadores (deberían aproximarse a los valores verdaderos):\\n\")\ncat(\"  - E[mu_hat]     ≈\", round(prom_mu, 4), \" (Valor Verdadero =\", mu_inicial, \")\\n\")\ncat(\"  - E[rho_hat]    ≈\", round(prom_rho, 4), \" (Valor Verdadero =\", rho_inicial, \")\\n\")\ncat(\"  - E[sigma2_hat] ≈\", round(prom_s2, 4), \" (Valor Verdadero =\", sigma2_inicial, \")\\n\\n\")\n\ncat(\"Desviaciones estándar de los estimadores (Errores Estándar de Monte Carlo):\\n\")\ncat(\"  - sd(mu_hat)     =\", round(sd_mu, 4), \"\\n\")\ncat(\"  - sd(rho_hat)    =\", round(sd_rho, 4), \"\\n\")\ncat(\"  - sd(sigma2_hat) =\", round(sd_s2, 4), \"\\n\")\n```\n\nA continuación se muestran los histogramas con la distribución de los estimadores.\n\n```{r mc-histograms}\n#| fig-cap: \"Distribución de los Estimadores de Monte Carlo\"\n\nhistogramas <- par(mfrow = c(1, 3))\n\n# Histograma para mu_hat\nhist(mu_hat_vec,\n     breaks = 30,                             # Número de barras.\n     main = expression(hat(mu)),              # Título con formato matemático.\n     xlab = expression(hat(mu)),              # Etiqueta del eje X.\n     col = \"lightblue\")\n# Agrega una línea vertical en el valor verdadero para comparación visual.\nabline(v = mu_inicial, col = \"red\", lwd = 2)\n\n# Histograma para rho_hat\nhist(rho_hat_vec,\n     breaks = 30,\n     main = expression(hat(rho)),\n     xlab = expression(hat(rho)),\n     col = \"lightcoral\")\nabline(v = rho_inicial, col = \"red\", lwd = 2)\n\n# Histograma para sigma2_hat\nhist(sigma2_hat_vec,\n     breaks = 30,\n     main = expression(hat(sigma^2)),\n     xlab = expression(hat(sigma^2)),\n     col = \"lightgreen\")\nabline(v = sigma2_inicial, col = \"red\", lwd = 2)\n\npar(histogramas)\n```\n\n## PARTE 2: ESTIMACIÓN DE UN AR(1)\n\n### 2.1) INCISO 1: FUNCIÓN DE CÁLCULO DE ERRORES ESTÁNDAR DE MÁXIMA VEROSIMILITUD\n\nSe aplica el modelo a datos reales de inflación y se define una función para calcular los errores estándar.\n\n```{r inflation-model-setup}\n#| error: true \n# El siguiente código asume que el archivo \"inflacion.csv\" está en el directorio de trabajo.\n# set.seed(123)  # Fijar semilla para reproducibilidad\n# datos_inflacion <- read.csv(\"inflacion.csv\")\n# \n# # Extraer la columna de inflación como un vector numérico.\n# serie_inflacion <- as.numeric(datos_inflacion$inflacion)\n# Tn <- length(serie_inflacion)\n# # Establecer valores iniciales para los parámetros para el optimizador (mu, rho, sigma^2)\n# valores_iniciales <- c(mean(serie_inflacion), 0.5, var(serie_inflacion)) \n# \n# # Encontrar el estimador de máxima verosimilitud, theta_estimado.\n# mle_fit_inflacion <- optim(\n#   par = valores_iniciales,\n#   fn = log_verosimilitud_AR1,\n#   y = serie_inflacion,\n#   method = \"L-BFGS-B\",           # Método que permite restricciones\n#   lower = c(-Inf, -0.99, 1e-8),    # Cotas inferiores para rho y sigma^2\n#   upper = c(Inf, 0.99, Inf),     # Cotas superiores\n#   control = list(fnscale = -1),  # Maximizar en lugar de minimizar\n#   hessian = TRUE                \n# )\n# \n# theta_estimado <- mle_fit_inflacion$par\n# \n# # DEFINICIÓN DE LA FUNCION QUE CALCULA LOS ERRORES ESTÁNDAR DE MÁXIMA VEROSIMILITUD\n# simular_se <- function(theta, y) {\n#     J1 <- -mle_fit_inflacion$hessian\n#     var_theta_hat <- solve(J1)\n#     se_hat <- sqrt(diag(var_theta_hat))\n#     return(se_hat)\n# }\n```\n\n**Nota:** El código del bloque anterior se ha comentado para evitar errores al renderizar si el archivo `inflacion.csv` no está presente. Para ejecutarlo, descomente las líneas y asegúrese de que el archivo de datos esté en la misma carpeta que este documento `.qmd`.\n\n### 2.2) INCISO 2: UTILIZACIÓN DE LA FUNCIÓN PARA ENCONTRAR EL ESTIMADOR Y ERRORES ESTÁNDAR\n\nSe llama a la función y se presentan los resultados finales en una tabla.\n\n```{r inflation-model-results}\n#| error: true\n# Este bloque también depende del anterior.\n# simular_se(valores_iniciales, serie_inflacion)\n# se_hat <- simular_se(valores_iniciales, serie_inflacion)\n# \n# # Data frame para mostrar los resultados de forma ordenada.\n# tabla_resultados <- data.frame(\n#   Parametro = c(\"mu (μ)\", \"rho (ρ)\", \"sigma^2 (σ²)\"),\n#   Estimacion = theta_estimado,\n#   Error_Estandar = se_hat\n# )\n# cat(\"\\n--- Resultados de la Estimación AR(1) para la Inflación ---\\n\")\n# tabla_resultados\n```\n\n---"},"formats":{"html":{"identifier":{"display-name":"HTML","target-format":"html","base-format":"html"},"execute":{"fig-width":7,"fig-height":5,"fig-format":"retina","fig-dpi":96,"df-print":"default","error":false,"eval":true,"cache":null,"freeze":false,"echo":true,"output":true,"warning":true,"include":true,"keep-md":false,"keep-ipynb":false,"ipynb":null,"enabled":null,"daemon":null,"daemon-restart":false,"debug":false,"ipynb-filters":[],"ipynb-shell-interactivity":null,"plotly-connected":true,"engine":"knitr"},"render":{"keep-tex":false,"keep-typ":false,"keep-source":false,"keep-hidden":false,"prefer-html":false,"output-divs":true,"output-ext":"html","fig-align":"default","fig-pos":null,"fig-env":null,"code-fold":true,"code-overflow":"scroll","code-link":false,"code-line-numbers":false,"code-tools":false,"tbl-colwidths":"auto","merge-includes":true,"inline-includes":false,"preserve-yaml":false,"latex-auto-mk":true,"latex-auto-install":true,"latex-clean":true,"latex-min-runs":1,"latex-max-runs":10,"latex-makeindex":"makeindex","latex-makeindex-opts":[],"latex-tlmgr-opts":[],"latex-input-paths":[],"latex-output-dir":null,"link-external-icon":false,"link-external-newwindow":false,"self-contained-math":false,"format-resources":[],"notebook-links":true},"pandoc":{"standalone":true,"wrap":"none","default-image-extension":"png","to":"html","toc":true,"toc-depth":3,"output-file":"PS3_MARKDOWN.html"},"language":{"toc-title-document":"Table of contents","toc-title-website":"On this page","related-formats-title":"Other Formats","related-notebooks-title":"Notebooks","source-notebooks-prefix":"Source","other-links-title":"Other Links","code-links-title":"Code Links","launch-dev-container-title":"Launch Dev Container","launch-binder-title":"Launch Binder","article-notebook-label":"Article Notebook","notebook-preview-download":"Download Notebook","notebook-preview-download-src":"Download Source","notebook-preview-back":"Back to Article","manuscript-meca-bundle":"MECA Bundle","section-title-abstract":"Abstract","section-title-appendices":"Appendices","section-title-footnotes":"Footnotes","section-title-references":"References","section-title-reuse":"Reuse","section-title-copyright":"Copyright","section-title-citation":"Citation","appendix-attribution-cite-as":"For attribution, please cite this work as:","appendix-attribution-bibtex":"BibTeX citation:","appendix-view-license":"View License","title-block-author-single":"Author","title-block-author-plural":"Authors","title-block-affiliation-single":"Affiliation","title-block-affiliation-plural":"Affiliations","title-block-published":"Published","title-block-modified":"Modified","title-block-keywords":"Keywords","callout-tip-title":"Tip","callout-note-title":"Note","callout-warning-title":"Warning","callout-important-title":"Important","callout-caution-title":"Caution","code-summary":"Code","code-tools-menu-caption":"Code","code-tools-show-all-code":"Show All Code","code-tools-hide-all-code":"Hide All Code","code-tools-view-source":"View Source","code-tools-source-code":"Source Code","tools-share":"Share","tools-download":"Download","code-line":"Line","code-lines":"Lines","copy-button-tooltip":"Copy to Clipboard","copy-button-tooltip-success":"Copied!","repo-action-links-edit":"Edit this page","repo-action-links-source":"View source","repo-action-links-issue":"Report an issue","back-to-top":"Back to top","search-no-results-text":"No results","search-matching-documents-text":"matching documents","search-copy-link-title":"Copy link to search","search-hide-matches-text":"Hide additional matches","search-more-match-text":"more match in this document","search-more-matches-text":"more matches in this document","search-clear-button-title":"Clear","search-text-placeholder":"","search-detached-cancel-button-title":"Cancel","search-submit-button-title":"Submit","search-label":"Search","toggle-section":"Toggle section","toggle-sidebar":"Toggle sidebar navigation","toggle-dark-mode":"Toggle dark mode","toggle-reader-mode":"Toggle reader mode","toggle-navigation":"Toggle navigation","crossref-fig-title":"Figure","crossref-tbl-title":"Table","crossref-lst-title":"Listing","crossref-thm-title":"Theorem","crossref-lem-title":"Lemma","crossref-cor-title":"Corollary","crossref-prp-title":"Proposition","crossref-cnj-title":"Conjecture","crossref-def-title":"Definition","crossref-exm-title":"Example","crossref-exr-title":"Exercise","crossref-ch-prefix":"Chapter","crossref-apx-prefix":"Appendix","crossref-sec-prefix":"Section","crossref-eq-prefix":"Equation","crossref-lof-title":"List of Figures","crossref-lot-title":"List of Tables","crossref-lol-title":"List of Listings","environment-proof-title":"Proof","environment-remark-title":"Remark","environment-solution-title":"Solution","listing-page-order-by":"Order By","listing-page-order-by-default":"Default","listing-page-order-by-date-asc":"Oldest","listing-page-order-by-date-desc":"Newest","listing-page-order-by-number-desc":"High to Low","listing-page-order-by-number-asc":"Low to High","listing-page-field-date":"Date","listing-page-field-title":"Title","listing-page-field-description":"Description","listing-page-field-author":"Author","listing-page-field-filename":"File Name","listing-page-field-filemodified":"Modified","listing-page-field-subtitle":"Subtitle","listing-page-field-readingtime":"Reading Time","listing-page-field-wordcount":"Word Count","listing-page-field-categories":"Categories","listing-page-minutes-compact":"{0} min","listing-page-category-all":"All","listing-page-no-matches":"No matching items","listing-page-words":"{0} words","listing-page-filter":"Filter","draft":"Draft"},"metadata":{"lang":"en","fig-responsive":true,"quarto-version":"1.8.24","title":"Tarea III: Lista de Ejercicios 3","subtitle":"Introducción a R - Programación II","author":["Nuria Saraí Torres Aldana","David Alejandro Del Cid De León","Diego Andrés Menendez Barillas"],"date":"today","theme":"cosmo","smooth-scroll":true},"extensions":{"book":{"multiFile":true}}}},"projectFormats":[]}